{
  "Bất động sản": {
    "precision": 0.7297734627831716,
    "recall": 0.8757281553398059,
    "f1-score": 0.7961165048543689,
    "support": 515.0
  },
  "Đời sống": {
    "precision": 0.41412213740458015,
    "recall": 0.47276688453159044,
    "f1-score": 0.44150559511698884,
    "support": 459.0
  },
  "Du lịch": {
    "precision": 0.7553956834532374,
    "recall": 0.8076923076923077,
    "f1-score": 0.7806691449814126,
    "support": 650.0
  },
  "Giải trí": {
    "precision": 0.9026473099914603,
    "recall": 0.8544866612772838,
    "f1-score": 0.877906976744186,
    "support": 1237.0
  },
  "Giáo dục": {
    "precision": 0.8361774744027304,
    "recall": 0.8898305084745762,
    "f1-score": 0.8621700879765396,
    "support": 826.0
  },
  "Khác": {
    "precision": 0.45714285714285713,
    "recall": 0.6432160804020101,
    "f1-score": 0.534446764091858,
    "support": 398.0
  },
  "Khoa học công nghệ": {
    "precision": 0.7290322580645161,
    "recall": 0.6975308641975309,
    "f1-score": 0.7129337539432177,
    "support": 810.0
  },
  "Kinh doanh": {
    "precision": 0.8807901907356949,
    "recall": 0.7350767481523593,
    "f1-score": 0.8013634955066625,
    "support": 1759.0
  },
  "Sức khỏe": {
    "precision": 0.9615498373262349,
    "recall": 0.9267388825541619,
    "f1-score": 0.9438234867179561,
    "support": 3508.0
  },
  "Thế giới": {
    "precision": 0.765793528505393,
    "recall": 0.7669753086419753,
    "f1-score": 0.7663839629915189,
    "support": 648.0
  },
  "Thể thao": {
    "precision": 0.9583033788641265,
    "recall": 0.9453900709219858,
    "f1-score": 0.9518029275258836,
    "support": 1410.0
  },
  "Thời sự": {
    "precision": 0.7658536585365854,
    "recall": 0.6671388101983002,
    "f1-score": 0.7130961392884179,
    "support": 706.0
  },
  "Thư giãn": {
    "precision": 0.6987522281639929,
    "recall": 0.8577680525164114,
    "f1-score": 0.7701375245579568,
    "support": 457.0
  },
  "Xe": {
    "precision": 0.8504016064257028,
    "recall": 0.9411111111111111,
    "f1-score": 0.8934599156118144,
    "support": 900.0
  },
  "accuracy": 0.8324581670517398,
  "macro avg": {
    "precision": 0.7646954008428773,
    "recall": 0.7915321747151006,
    "f1-score": 0.7747011628506272,
    "support": 14283.0
  },
  "weighted avg": {
    "precision": 0.842392461922088,
    "recall": 0.8324581670517398,
    "f1-score": 0.8350555451266829,
    "support": 14283.0
  }
}