{
  "Bất động sản": {
    "precision": 0.0,
    "recall": 0.0,
    "f1-score": 0.0,
    "support": 515.0
  },
  "Du lịch": {
    "precision": 0.0,
    "recall": 0.0,
    "f1-score": 0.0,
    "support": 650.0
  },
  "Giáo dục": {
    "precision": 0.9224137931034483,
    "recall": 0.12953995157384987,
    "f1-score": 0.22717622080679406,
    "support": 826.0
  },
  "Giải trí": {
    "precision": 0.75,
    "recall": 0.9070331447049312,
    "f1-score": 0.8210757409440176,
    "support": 1237.0
  },
  "Khoa học công nghệ": {
    "precision": 0.0,
    "recall": 0.0,
    "f1-score": 0.0,
    "support": 810.0
  },
  "Khác": {
    "precision": 0.0,
    "recall": 0.0,
    "f1-score": 0.0,
    "support": 398.0
  },
  "Kinh doanh": {
    "precision": 0.02097902097902098,
    "recall": 0.0017055144968732233,
    "f1-score": 0.0031545741324921135,
    "support": 1759.0
  },
  "Sức khỏe": {
    "precision": 0.342775926288963,
    "recall": 0.9968643101482326,
    "f1-score": 0.5101385849744712,
    "support": 3508.0
  },
  "Thư giãn": {
    "precision": 0.0,
    "recall": 0.0,
    "f1-score": 0.0,
    "support": 457.0
  },
  "Thế giới": {
    "precision": 0.0,
    "recall": 0.0,
    "f1-score": 0.0,
    "support": 648.0
  },
  "Thể thao": {
    "precision": 0.8881578947368421,
    "recall": 0.9574468085106383,
    "f1-score": 0.9215017064846417,
    "support": 1410.0
  },
  "Thời sự": {
    "precision": 0.0,
    "recall": 0.0,
    "f1-score": 0.0,
    "support": 706.0
  },
  "Xe": {
    "precision": 0.9486215538847118,
    "recall": 0.8411111111111111,
    "f1-score": 0.8916372202591284,
    "support": 900.0
  },
  "Đời sống": {
    "precision": 0.0,
    "recall": 0.0,
    "f1-score": 0.0,
    "support": 459.0
  },
  "accuracy": 0.47861093607785477,
  "macro avg": {
    "precision": 0.2766391563566419,
    "recall": 0.2738357743246883,
    "f1-score": 0.2410488605429675,
    "support": 14283.0
  },
  "weighted avg": {
    "precision": 0.3525229903033268,
    "recall": 0.47861093607785477,
    "f1-score": 0.357083540313675,
    "support": 14283.0
  }
}