{
  "Bất động sản": {
    "precision": 0.8221343873517787,
    "recall": 0.8077669902912621,
    "f1-score": 0.8148873653281097,
    "support": 515.0
  },
  "Du lịch": {
    "precision": 0.8119935170178282,
    "recall": 0.7707692307692308,
    "f1-score": 0.7908445146014207,
    "support": 650.0
  },
  "Giáo dục": {
    "precision": 0.8680387409200968,
    "recall": 0.8680387409200968,
    "f1-score": 0.8680387409200968,
    "support": 826.0
  },
  "Giải trí": {
    "precision": 0.8808,
    "recall": 0.8900565885206144,
    "f1-score": 0.8854041013268998,
    "support": 1237.0
  },
  "Khoa học công nghệ": {
    "precision": 0.7347480106100795,
    "recall": 0.6839506172839506,
    "f1-score": 0.7084398976982097,
    "support": 810.0
  },
  "Khác": {
    "precision": 0.35113484646194926,
    "recall": 0.6608040201005025,
    "f1-score": 0.45858761987794244,
    "support": 398.0
  },
  "Kinh doanh": {
    "precision": 0.8132427843803056,
    "recall": 0.816941444002274,
    "f1-score": 0.8150879183210437,
    "support": 1759.0
  },
  "Sức khỏe": {
    "precision": 0.9416713404374649,
    "recall": 0.9572405929304447,
    "f1-score": 0.9493921402318349,
    "support": 3508.0
  },
  "Thư giãn": {
    "precision": 0.8175355450236966,
    "recall": 0.7549234135667396,
    "f1-score": 0.7849829351535836,
    "support": 457.0
  },
  "Thế giới": {
    "precision": 0.8189655172413793,
    "recall": 0.7330246913580247,
    "f1-score": 0.7736156351791531,
    "support": 648.0
  },
  "Thể thao": {
    "precision": 0.9586600142551674,
    "recall": 0.9539007092198581,
    "f1-score": 0.9562744400995379,
    "support": 1410.0
  },
  "Thời sự": {
    "precision": 0.7630331753554502,
    "recall": 0.6841359773371105,
    "f1-score": 0.7214339058999253,
    "support": 706.0
  },
  "Xe": {
    "precision": 0.9015486725663717,
    "recall": 0.9055555555555556,
    "f1-score": 0.9035476718403548,
    "support": 900.0
  },
  "Đời sống": {
    "precision": 0.5032679738562091,
    "recall": 0.3355119825708061,
    "f1-score": 0.40261437908496733,
    "support": 459.0
  },
  "accuracy": 0.8376391514387733,
  "macro avg": {
    "precision": 0.7847696089626984,
    "recall": 0.7730443253161764,
    "f1-score": 0.7737965189687914,
    "support": 14283.0
  },
  "weighted avg": {
    "precision": 0.8446144731129365,
    "recall": 0.8376391514387733,
    "f1-score": 0.8389158162015354,
    "support": 14283.0
  }
}