{
  "Bất động sản": {
    "precision": 0.8379446640316206,
    "recall": 0.8233009708737864,
    "f1-score": 0.8305582761998042,
    "support": 515.0
  },
  "Đời sống": {
    "precision": 0.45598591549295775,
    "recall": 0.5642701525054467,
    "f1-score": 0.5043816942551119,
    "support": 459.0
  },
  "Du lịch": {
    "precision": 0.8076923076923077,
    "recall": 0.84,
    "f1-score": 0.8235294117647058,
    "support": 650.0
  },
  "Giải trí": {
    "precision": 0.9196062346185397,
    "recall": 0.9062247372675829,
    "f1-score": 0.9128664495114006,
    "support": 1237.0
  },
  "Giáo dục": {
    "precision": 0.899746192893401,
    "recall": 0.8583535108958837,
    "f1-score": 0.8785625774473358,
    "support": 826.0
  },
  "Khác": {
    "precision": 0.5770020533880903,
    "recall": 0.7060301507537688,
    "f1-score": 0.6350282485875707,
    "support": 398.0
  },
  "Khoa học công nghệ": {
    "precision": 0.7389749702026222,
    "recall": 0.7654320987654321,
    "f1-score": 0.7519708914493632,
    "support": 810.0
  },
  "Kinh doanh": {
    "precision": 0.8726035868893012,
    "recall": 0.8021603183627061,
    "f1-score": 0.8359004739336493,
    "support": 1759.0
  },
  "Sức khỏe": {
    "precision": 0.962536023054755,
    "recall": 0.9521094640820981,
    "f1-score": 0.9572943536830038,
    "support": 3508.0
  },
  "Thế giới": {
    "precision": 0.803076923076923,
    "recall": 0.8055555555555556,
    "f1-score": 0.8043143297380585,
    "support": 648.0
  },
  "Thể thao": {
    "precision": 0.9731104651162791,
    "recall": 0.949645390070922,
    "f1-score": 0.9612347451543432,
    "support": 1410.0
  },
  "Thời sự": {
    "precision": 0.7171581769436998,
    "recall": 0.7577903682719547,
    "f1-score": 0.7369146005509641,
    "support": 706.0
  },
  "Thư giãn": {
    "precision": 0.8834080717488789,
    "recall": 0.862144420131291,
    "f1-score": 0.8726467331118494,
    "support": 457.0
  },
  "Xe": {
    "precision": 0.9351955307262569,
    "recall": 0.93,
    "f1-score": 0.9325905292479109,
    "support": 900.0
  },
  "accuracy": 0.8638241265840509,
  "macro avg": {
    "precision": 0.8131457939911166,
    "recall": 0.8230726526811735,
    "f1-score": 0.816985236759648,
    "support": 14283.0
  },
  "weighted avg": {
    "precision": 0.8702983734089826,
    "recall": 0.8638241265840509,
    "f1-score": 0.8663975301850704,
    "support": 14283.0
  }
}