{
  "Bất động sản": {
    "precision": 0.8386454183266933,
    "recall": 0.8174757281553398,
    "f1-score": 0.8279252704031466,
    "support": 515.0
  },
  "Du lịch": {
    "precision": 0.8455008488964346,
    "recall": 0.7661538461538462,
    "f1-score": 0.8038740920096852,
    "support": 650.0
  },
  "Giáo dục": {
    "precision": 0.8598574821852731,
    "recall": 0.8765133171912833,
    "f1-score": 0.86810551558753,
    "support": 826.0
  },
  "Giải trí": {
    "precision": 0.9039504260263361,
    "recall": 0.9434114793856103,
    "f1-score": 0.9232594936708861,
    "support": 1237.0
  },
  "Khoa học công nghệ": {
    "precision": 0.800275482093664,
    "recall": 0.717283950617284,
    "f1-score": 0.7565104166666666,
    "support": 810.0
  },
  "Khác": {
    "precision": 0.28263103802672146,
    "recall": 0.6909547738693468,
    "f1-score": 0.4011670313639679,
    "support": 398.0
  },
  "Kinh doanh": {
    "precision": 0.8239325250395361,
    "recall": 0.8885730528709495,
    "f1-score": 0.8550328227571116,
    "support": 1759.0
  },
  "Sức khỏe": {
    "precision": 0.950634307777165,
    "recall": 0.9826111744583809,
    "f1-score": 0.9663582842724979,
    "support": 3508.0
  },
  "Thư giãn": {
    "precision": 0.8702460850111857,
    "recall": 0.8512035010940919,
    "f1-score": 0.8606194690265486,
    "support": 457.0
  },
  "Thế giới": {
    "precision": 0.8891129032258065,
    "recall": 0.6805555555555556,
    "f1-score": 0.7709790209790209,
    "support": 648.0
  },
  "Thể thao": {
    "precision": 0.9645892351274787,
    "recall": 0.9659574468085106,
    "f1-score": 0.9652728561304039,
    "support": 1410.0
  },
  "Thời sự": {
    "precision": 0.8881856540084389,
    "recall": 0.5963172804532578,
    "f1-score": 0.7135593220338983,
    "support": 706.0
  },
  "Xe": {
    "precision": 0.9368879216539717,
    "recall": 0.9566666666666667,
    "f1-score": 0.9466739967014843,
    "support": 900.0
  },
  "Đời sống": {
    "precision": 0.7303370786516854,
    "recall": 0.14161220043572983,
    "f1-score": 0.23722627737226276,
    "support": 459.0
  },
  "accuracy": 0.8552124903731709,
  "macro avg": {
    "precision": 0.8274847432893135,
    "recall": 0.7768064266939895,
    "f1-score": 0.7783259906410794,
    "support": 14283.0
  },
  "weighted avg": {
    "precision": 0.8747560750786053,
    "recall": 0.8552124903731709,
    "f1-score": 0.8536757618032057,
    "support": 14283.0
  }
}