{
  "description": {
    "Bất động sản": {
      "precision": 0.8485477178423236,
      "recall": 0.7941747572815534,
      "f1-score": 0.8204613841524574,
      "support": 515.0
    },
    "Du lịch": {
      "precision": 0.8103975535168195,
      "recall": 0.8153846153846154,
      "f1-score": 0.8128834355828221,
      "support": 650.0
    },
    "Giáo dục": {
      "precision": 0.8771084337349397,
      "recall": 0.8813559322033898,
      "f1-score": 0.8792270531400966,
      "support": 826.0
    },
    "Giải trí": {
      "precision": 0.9030976965845909,
      "recall": 0.9191592562651576,
      "f1-score": 0.9110576923076923,
      "support": 1237.0
    },
    "Khoa học công nghệ": {
      "precision": 0.7911001236093943,
      "recall": 0.7901234567901234,
      "f1-score": 0.7906114885731933,
      "support": 810.0
    },
    "Khác": {
      "precision": 0.8167701863354038,
      "recall": 0.6608040201005025,
      "f1-score": 0.7305555555555555,
      "support": 398.0
    },
    "Kinh doanh": {
      "precision": 0.8300110741971207,
      "recall": 0.8521887436043206,
      "f1-score": 0.840953716690042,
      "support": 1759.0
    },
    "Sức khỏe": {
      "precision": 0.9279523293607801,
      "recall": 0.9766248574686431,
      "f1-score": 0.9516666666666667,
      "support": 3508.0
    },
    "Thư giãn": {
      "precision": 0.847457627118644,
      "recall": 0.87527352297593,
      "f1-score": 0.8611410118406889,
      "support": 457.0
    },
    "Thế giới": {
      "precision": 0.8349358974358975,
      "recall": 0.8040123456790124,
      "f1-score": 0.8191823899371069,
      "support": 648.0
    },
    "Thể thao": {
      "precision": 0.9689265536723164,
      "recall": 0.9730496453900709,
      "f1-score": 0.9709837225760792,
      "support": 1410.0
    },
    "Thời sự": {
      "precision": 0.77,
      "recall": 0.7634560906515581,
      "f1-score": 0.7667140825035562,
      "support": 706.0
    },
    "Xe": {
      "precision": 0.9425414364640884,
      "recall": 0.946725860155383,
      "f1-score": 0.9446290143964563,
      "support": 901.0
    },
    "Đời sống": {
      "precision": 0.6293929712460063,
      "recall": 0.42919389978213507,
      "f1-score": 0.5103626943005182,
      "support": 459.0
    },
    "accuracy": 0.8760851302156258,
    "macro avg": {
      "precision": 0.8427314000798803,
      "recall": 0.8201090716951711,
      "f1-score": 0.8293164220159237,
      "support": 14284.0
    },
    "weighted avg": {
      "precision": 0.8724972019375586,
      "recall": 0.8760851302156258,
      "f1-score": 0.8732216794490971,
      "support": 14284.0
    }
  },
  "content": {
    "Bất động sản": {
      "precision": 0.9244532803180915,
      "recall": 0.9029126213592233,
      "f1-score": 0.9135559921414538,
      "support": 515.0
    },
    "Du lịch": {
      "precision": 0.9229559748427673,
      "recall": 0.9030769230769231,
      "f1-score": 0.9129082426127527,
      "support": 650.0
    },
    "Giáo dục": {
      "precision": 0.8655737704918033,
      "recall": 0.9588377723970944,
      "f1-score": 0.909821941412981,
      "support": 826.0
    },
    "Giải trí": {
      "precision": 0.9619741100323624,
      "recall": 0.9611964430072757,
      "f1-score": 0.9615851192883138,
      "support": 1237.0
    },
    "Khoa học công nghệ": {
      "precision": 0.8932038834951457,
      "recall": 0.908641975308642,
      "f1-score": 0.9008567931456548,
      "support": 810.0
    },
    "Khác": {
      "precision": 0.9329758713136729,
      "recall": 0.8743718592964824,
      "f1-score": 0.9027237354085603,
      "support": 398.0
    },
    "Kinh doanh": {
      "precision": 0.9176536943034405,
      "recall": 0.9249573621375782,
      "f1-score": 0.921291053227633,
      "support": 1759.0
    },
    "Sức khỏe": {
      "precision": 0.9597892401552968,
      "recall": 0.9866020524515393,
      "f1-score": 0.9730109642957548,
      "support": 3508.0
    },
    "Thư giãn": {
      "precision": 0.9644670050761421,
      "recall": 0.8315098468271335,
      "f1-score": 0.8930669800235017,
      "support": 457.0
    },
    "Thế giới": {
      "precision": 0.9502407704654896,
      "recall": 0.9135802469135802,
      "f1-score": 0.9315499606608969,
      "support": 648.0
    },
    "Thể thao": {
      "precision": 0.9879688605803255,
      "recall": 0.9900709219858156,
      "f1-score": 0.9890187743535246,
      "support": 1410.0
    },
    "Thời sự": {
      "precision": 0.9255014326647565,
      "recall": 0.9150141643059491,
      "f1-score": 0.9202279202279202,
      "support": 706.0
    },
    "Xe": {
      "precision": 0.9768467475192943,
      "recall": 0.9833518312985572,
      "f1-score": 0.9800884955752213,
      "support": 901.0
    },
    "Đời sống": {
      "precision": 0.8459530026109661,
      "recall": 0.7058823529411765,
      "f1-score": 0.7695961995249406,
      "support": 459.0
    },
    "accuracy": 0.9401428171380566,
    "macro avg": {
      "precision": 0.9306826888478252,
      "recall": 0.9114290266647836,
      "f1-score": 0.9199501551356508,
      "support": 14284.0
    },
    "weighted avg": {
      "precision": 0.9400897976673656,
      "recall": 0.9401428171380566,
      "f1-score": 0.9395123664470043,
      "support": 14284.0
    }
  },
  "description_plus_content": {
    "Bất động sản": {
      "precision": 0.932,
      "recall": 0.9048543689320389,
      "f1-score": 0.9182266009852217,
      "support": 515.0
    },
    "Du lịch": {
      "precision": 0.9303030303030303,
      "recall": 0.9446153846153846,
      "f1-score": 0.9374045801526718,
      "support": 650.0
    },
    "Giáo dục": {
      "precision": 0.9602484472049689,
      "recall": 0.9358353510895884,
      "f1-score": 0.9478847332924586,
      "support": 826.0
    },
    "Giải trí": {
      "precision": 0.9656274980015987,
      "recall": 0.9765561843168957,
      "f1-score": 0.9710610932475884,
      "support": 1237.0
    },
    "Khoa học công nghệ": {
      "precision": 0.9038929440389294,
      "recall": 0.917283950617284,
      "f1-score": 0.9105392156862745,
      "support": 810.0
    },
    "Khác": {
      "precision": 0.9411764705882353,
      "recall": 0.8844221105527639,
      "f1-score": 0.9119170984455959,
      "support": 398.0
    },
    "Kinh doanh": {
      "precision": 0.9181155356141335,
      "recall": 0.9306424104604889,
      "f1-score": 0.9243365330321852,
      "support": 1759.0
    },
    "Sức khỏe": {
      "precision": 0.9698155394074902,
      "recall": 0.9891676168757126,
      "f1-score": 0.9793959920970928,
      "support": 3508.0
    },
    "Thư giãn": {
      "precision": 0.9256198347107438,
      "recall": 0.9803063457330415,
      "f1-score": 0.9521785334750266,
      "support": 457.0
    },
    "Thế giới": {
      "precision": 0.9483870967741935,
      "recall": 0.9074074074074074,
      "f1-score": 0.9274447949526814,
      "support": 648.0
    },
    "Thể thao": {
      "precision": 0.9907670454545454,
      "recall": 0.9893617021276596,
      "f1-score": 0.9900638750887154,
      "support": 1410.0
    },
    "Thời sự": {
      "precision": 0.9295977011494253,
      "recall": 0.9164305949008499,
      "f1-score": 0.9229671897289586,
      "support": 706.0
    },
    "Xe": {
      "precision": 0.9747807017543859,
      "recall": 0.9866814650388457,
      "f1-score": 0.9806949806949807,
      "support": 901.0
    },
    "Đời sống": {
      "precision": 0.8465473145780051,
      "recall": 0.7211328976034859,
      "f1-score": 0.7788235294117647,
      "support": 459.0
    },
    "accuracy": 0.9493839260711285,
    "macro avg": {
      "precision": 0.938348511398549,
      "recall": 0.9274784135908177,
      "f1-score": 0.9323527678779441,
      "support": 14284.0
    },
    "weighted avg": {
      "precision": 0.9488817071839496,
      "recall": 0.9493839260711285,
      "f1-score": 0.9488437975901881,
      "support": 14284.0
    }
  }
}