{
  "Bất động sản": {
    "precision": 0.7711598746081505,
    "recall": 0.9553398058252427,
    "f1-score": 0.8534258456201215,
    "support": 515.0
  },
  "Du lịch": {
    "precision": 0.8894927536231884,
    "recall": 0.7553846153846154,
    "f1-score": 0.8169717138103162,
    "support": 650.0
  },
  "Giáo dục": {
    "precision": 0.8627002288329519,
    "recall": 0.9128329297820823,
    "f1-score": 0.8870588235294118,
    "support": 826.0
  },
  "Giải trí": {
    "precision": 0.8773722627737226,
    "recall": 0.9717057396928052,
    "f1-score": 0.922132719601074,
    "support": 1237.0
  },
  "Khoa học công nghệ": {
    "precision": 0.7676300578034682,
    "recall": 0.8197530864197531,
    "f1-score": 0.7928358208955224,
    "support": 810.0
  },
  "Khác": {
    "precision": 0.7959866220735786,
    "recall": 0.5979899497487438,
    "f1-score": 0.6829268292682927,
    "support": 398.0
  },
  "Kinh doanh": {
    "precision": 0.9243243243243243,
    "recall": 0.7777146105741899,
    "f1-score": 0.8447051559123187,
    "support": 1759.0
  },
  "Sức khỏe": {
    "precision": 0.9632664594518225,
    "recall": 0.9717787913340935,
    "f1-score": 0.9675039023698028,
    "support": 3508.0
  },
  "Thư giãn": {
    "precision": 0.8706896551724138,
    "recall": 0.8840262582056893,
    "f1-score": 0.8773072747014115,
    "support": 457.0
  },
  "Thế giới": {
    "precision": 0.6822085889570552,
    "recall": 0.8580246913580247,
    "f1-score": 0.760082023239918,
    "support": 648.0
  },
  "Thể thao": {
    "precision": 0.9475476839237057,
    "recall": 0.9865248226950355,
    "f1-score": 0.9666435024322446,
    "support": 1410.0
  },
  "Thời sự": {
    "precision": 0.7682584269662921,
    "recall": 0.7747875354107648,
    "f1-score": 0.771509167842031,
    "support": 706.0
  },
  "Xe": {
    "precision": 0.9056410256410257,
    "recall": 0.9811111111111112,
    "f1-score": 0.9418666666666666,
    "support": 900.0
  },
  "Đời sống": {
    "precision": 0.6767241379310345,
    "recall": 0.3420479302832244,
    "f1-score": 0.4544138929088278,
    "support": 459.0
  },
  "accuracy": 0.8790870265350417,
  "macro avg": {
    "precision": 0.8359287215773382,
    "recall": 0.8277872769875267,
    "f1-score": 0.8242416670569971,
    "support": 14283.0
  },
  "weighted avg": {
    "precision": 0.8794320574256681,
    "recall": 0.8790870265350417,
    "f1-score": 0.8748265771868083,
    "support": 14283.0
  }
}