{
  "model_type": "bert",
  "stage_2_method": "max_voting_threshold",
  "test_file": "D:\\University\\Master\\sem 2\\Khai phá\\data\\split\\test.csv",
  "num_test_rows": 14283,
  "threshold": 0.5,
  "other_label": "Khác",
  "threshold_fallback_count": 4,
  "accuracy": 0.8790870265350417,
  "micro_precision": 0.8790870265350417,
  "micro_recall": 0.8790870265350417,
  "micro_f1": 0.8790870265350417,
  "macro_precision": 0.8359287215773382,
  "macro_recall": 0.8277872769875267,
  "macro_f1": 0.8242416670569971,
  "weighted_precision": 0.8794320574256681,
  "weighted_recall": 0.8790870265350417,
  "weighted_f1": 0.8748265771868083
}