{
  "Bất động sản": {
    "precision": 0.8859934853420195,
    "recall": 0.5281553398058253,
    "f1-score": 0.6618004866180048,
    "support": 515.0
  },
  "Du lịch": {
    "precision": 0.963855421686747,
    "recall": 0.12307692307692308,
    "f1-score": 0.21828103683492497,
    "support": 650.0
  },
  "Giáo dục": {
    "precision": 0.9711191335740073,
    "recall": 0.6513317191283293,
    "f1-score": 0.7797101449275362,
    "support": 826.0
  },
  "Giải trí": {
    "precision": 0.9739130434782609,
    "recall": 0.5432497978981407,
    "f1-score": 0.6974571873378308,
    "support": 1237.0
  },
  "Khoa học công nghệ": {
    "precision": 0.8731563421828908,
    "recall": 0.3654320987654321,
    "f1-score": 0.515230635335074,
    "support": 810.0
  },
  "Khác": {
    "precision": 0.16674816625916872,
    "recall": 0.8567839195979899,
    "f1-score": 0.2791649611133852,
    "support": 398.0
  },
  "Kinh doanh": {
    "precision": 0.8,
    "recall": 0.7663445139283684,
    "f1-score": 0.7828106852497096,
    "support": 1759.0
  },
  "Sức khỏe": {
    "precision": 0.9920177383592018,
    "recall": 0.6376852907639681,
    "f1-score": 0.7763317716467117,
    "support": 3508.0
  },
  "Thư giãn": {
    "precision": 0.6234375,
    "recall": 0.8730853391684902,
    "f1-score": 0.7274384685505926,
    "support": 457.0
  },
  "Thế giới": {
    "precision": 0.7462462462462462,
    "recall": 0.7669753086419753,
    "f1-score": 0.756468797564688,
    "support": 648.0
  },
  "Thể thao": {
    "precision": 0.9837461300309598,
    "recall": 0.9014184397163121,
    "f1-score": 0.9407846039970392,
    "support": 1410.0
  },
  "Thời sự": {
    "precision": 0.5190562613430127,
    "recall": 0.8101983002832861,
    "f1-score": 0.6327433628318584,
    "support": 706.0
  },
  "Xe": {
    "precision": 0.985632183908046,
    "recall": 0.7622222222222222,
    "f1-score": 0.8596491228070176,
    "support": 900.0
  },
  "Đời sống": {
    "precision": 0.16485225505443235,
    "recall": 0.6928104575163399,
    "f1-score": 0.2663316582914573,
    "support": 459.0
  },
  "accuracy": 0.6670167331793041,
  "macro avg": {
    "precision": 0.7606981362474994,
    "recall": 0.662769262179543,
    "f1-score": 0.6353002087932735,
    "support": 14283.0
  },
  "weighted avg": {
    "precision": 0.8566294588792445,
    "recall": 0.6670167331793041,
    "f1-score": 0.7078393945851856,
    "support": 14283.0
  }
}