{
  "Bất động sản": {
    "precision": 0.844488188976378,
    "recall": 0.8330097087378641,
    "f1-score": 0.8387096774193549,
    "support": 515.0
  },
  "Du lịch": {
    "precision": 0.8498349834983498,
    "recall": 0.7923076923076923,
    "f1-score": 0.8200636942675159,
    "support": 650.0
  },
  "Giáo dục": {
    "precision": 0.9013906447534766,
    "recall": 0.8631961259079903,
    "f1-score": 0.8818800247371676,
    "support": 826.0
  },
  "Giải trí": {
    "precision": 0.9221311475409836,
    "recall": 0.9094583670169766,
    "f1-score": 0.9157509157509157,
    "support": 1237.0
  },
  "Khoa học công nghệ": {
    "precision": 0.7856209150326797,
    "recall": 0.7419753086419754,
    "f1-score": 0.7631746031746032,
    "support": 810.0
  },
  "Khác": {
    "precision": 0.3119834710743802,
    "recall": 0.7587939698492462,
    "f1-score": 0.44216691068814057,
    "support": 398.0
  },
  "Kinh doanh": {
    "precision": 0.8612612612612612,
    "recall": 0.8152359295054008,
    "f1-score": 0.8376168224299065,
    "support": 1759.0
  },
  "Sức khỏe": {
    "precision": 0.9543404735062007,
    "recall": 0.9652223489167617,
    "f1-score": 0.9597505668934241,
    "support": 3508.0
  },
  "Thư giãn": {
    "precision": 0.9152941176470588,
    "recall": 0.8512035010940919,
    "f1-score": 0.8820861678004536,
    "support": 457.0
  },
  "Thế giới": {
    "precision": 0.8571428571428571,
    "recall": 0.7777777777777778,
    "f1-score": 0.8155339805825242,
    "support": 648.0
  },
  "Thể thao": {
    "precision": 0.9762076423936553,
    "recall": 0.9602836879432625,
    "f1-score": 0.9681801930639972,
    "support": 1410.0
  },
  "Thời sự": {
    "precision": 0.7895569620253164,
    "recall": 0.7067988668555241,
    "f1-score": 0.7458893871449925,
    "support": 706.0
  },
  "Xe": {
    "precision": 0.941638608305275,
    "recall": 0.9322222222222222,
    "f1-score": 0.9369067560022334,
    "support": 900.0
  },
  "Đời sống": {
    "precision": 0.615916955017301,
    "recall": 0.3877995642701525,
    "f1-score": 0.47593582887700536,
    "support": 459.0
  },
  "accuracy": 0.8589231954071274,
  "macro avg": {
    "precision": 0.8233434448696553,
    "recall": 0.8068060765033527,
    "f1-score": 0.805974680630874,
    "support": 14283.0
  },
  "weighted avg": {
    "precision": 0.8775197763032702,
    "recall": 0.8589231954071274,
    "f1-score": 0.8643494021008697,
    "support": 14283.0
  }
}